Menace Beach,Mutator
American Wrestlers,I Can Do No Wrong
Elephant Stone,Heavy Moon
Big Bliss,Surface
(Sandy) Alex G,Bobby
Black Kids,I'm Not Gonna Teach Your Boyfriend How To Dance With You
Tim Kasher,Bad, Bad Dreams
Neon Indian,Slumlord
MEROL,HOU JE BEK EN BEF ME
Phoebe Bridgers,Would You Rather
Beach House,Chariot
La Femme,La femme ressort
Wye Oak,Join
Sigur Rós,Ísjaki
Savages,She Will
Phil Collins,In The Air Tonight
Fleet Foxes,Blue Ridge Mountains
Venus Infers,Sake in Osaka
Curtis Harding,Heaven's on the other side
Foxwarren,In Another Life
Foxwarren,Sunset Canyon
Foxwarren,To Be
Apples In Stereo,Same Old Drag
We All Have Hooks For Hands,Howling And Bellowing
Maximo Park,Until The Earth Would Open
Weaves,Walk Away
Junip,Your Life Your Call
Cat Power,He War
SPLASHH,All I want to Do
Broken Social Scene,Stars and Sons
Devil Makes Three,All Hail
The Wrens,Hopeless
Wand,Fire on the Mountian, Pts 1-3
Devo,Gut Feeling
Ezra Furman,Trauma
IDLES,Mother
Squid,Match Bet
Wiseman at the Station,Scott & Charlene's Wedding
Elvis Costello & The Imposters,Under Lime
Parquet Courts,Violence
Wintersleep,Forestfire
Telekinesis,Set a Course
Hop Along,What the Writer Meant
Shacks,Follow Me
Andrew Bird,Manifest
Mike Edel,Challenger
Sacco,Where It Ends Where It Begins
Hovvdy,Float
Ty Segall,The Arms
Raconteurs,Bored and Razed
JBE,On Your Mind
Plastic Bertrand,Ca Plane Pour Mo
Color Cult,Invisible Monster
Lisa LeBlanc,You Look Like Trouble (But I Guess I do Too)
Julien Baker,The Modern Leper
Grey Reverend,One By One
Memory Tapes,Sun Hits
Release The Sunbird,A New You
Theophilus London,Wine and Chocolates
Shikosew,Secret Bower
Stornoway,The Cold Harbour Road
1990s,See You At the Lights
Stephen Malkmus & The Jicks Mama
John Vanderslice,White Dove
The Flaming Lips,Yeah Yeah Yeah Song
Ezra Furman,My Teeth Hurt
The Shins,The Rifle Spiral
Frank Turner,Recovery
The Front Bottoms,Funny You Should Ask
Andy Shauf,Drink My Rivers
Kurt Vile,Pretty Pimpin
Release The Sunbird,Come Back To Us
Phoebe Bridgers,Motion Sickness
Andy Shauf,You're Out Wasting
Skinshape,Don't Call My Name
Saint Sister,Causing Trouble
Teleman,Between The Rain
Stars,My Favorite Book
Chastity Belt,Drone
Saint Sister,Causing Trouble
Possible Humans,Lung of the City
Possible Humans,Aspiring To Be A Bloke
Danny Malone,Spiderlegs
Classixx,All You're Waiting For (Feat Nancy Whang)
Andrew Bird,Are You Serious
The Kills,List of Demands
The View,Wasted Little DJs
The Replacements,I Will Dare
Hop Along,How Simple
Junip,Without You (Live on KEXP)
Junip,Always
Dan Luke And The Raid,Exoskeleton
Wild Moccasins,Fruit Tea
Wilco,Love Is Everywhere (BewarGuster,Long Night)
(Sandy) Alex G,Hope
(Sandy) Alex G,Pretend
(Sandy) Alex G,Gretel
Camp Howard,Surprise
Bad Veins,Gold and Warm
Elbow,Fly Boy Blue / Lunette
Chad VanGaalen,Echo Train
The Skin Cells,Tie Me Down
(Sandy) Alex G,Falls Apart
(Sandy) Alex G,Southern Sky
(Sandy) Alex G,Snot
(Sandy) Alex G,Brite Boy
(Sandy) Alex G,Sarah
We Were Promised Jetpacks,When I Know More
Cate Le Bon,Miami
Fruit Bats,From A Soon-To-Be Ghost Town
Skinshape,I Didn't Know
Dirty Ghosts,Ropes That Sway (Mikey Remix)
Memory Tapes,Offers
TOY,It's Been so Long
Roosevelt,Pangea
The Kooks,Melody Maker
Portastatic,It's All Over Now, Baby Blue
Cass McCombs,Sleeping Volcanoes
Papadosio,Find Your Cloud
R.E.M.,Shiny Happy People
The Charlatans,The Only One I Know
Real Estate,Horizon
Manu Chao,Me Gustas Tu
Steely Dan,Deacon Blues
Don Henley,The End of the Innocence
Hall and Oates,Out of Touch
Chicago,25 Or 6 To 4
Steely Dan,Dirty Work
James Taylor,Fire and Rain
Big Wild,When I Get There
Amber,Sexual (Afterlife Mix)
Sound Tribe Sector 9,Metameme
TSUKI,I Don't Miss You Anymore
Lusine,Flyway
KRTS,Berlin Girls
Khruangbin,August 10
Thievery Corporation,Fragments(Tycho Remix)
Buspin Jieber,The Dream
Nordgroove,Spiral
Emancipator & 9 Theory,Zula
Bliss,Sleep Will Come
Brecon,Scarp (Om Unit Remix)
Zero 7,In The Waiting Line
FC Kahuna,Hayling
Tree Bosier,Victory Day
Liam Thomas,A Night In Tokyo
O.N.Y.R.C,Dirge
Hesius Dome,Sticks (Garagee Remix)
Nordgroove,Distance
Kick Bong,Never Be The Same (Squazoid Remix)
Body Language,Really Love (Machinedrum Remix)
Röyksopp,Sordid Affair (Maceo Plex Remix)
ford,Dusk
edapollo,Always
ford,Slack (feat. Knapsack)
OTR,Dawn
THOMAS LEMMER & SINE,A X (Polished Chrome Remix)
Underworld,If Rah
Lumo,Seven Minutes of Sun
Crystal Waters,Gypsy Woman (She's Homeless)
Henry Saiz,Fill Me Up (Essay's Run Away Remix)
Illum Sphere,Ghosts Of Then and Now
Zoot Woman,It's Automatic
Essáy,Lyla
Lasertom,Maelstrom
Eagle Eyed Tiger,Moonlight
Shokk,You Reposted in the Wrong Neighborhood
Vossakorv,Lindstorm
